date_time,total_return (%),NAV,Drawdown(%)
01/01/2021,-0.086637655,0.999133623,-0.086637655
02/01/2021,-0.980194472,0.989340171,-0.980194472
03/01/2021,-0.28007416,0.986569285,-1.25752336
04/01/2021,0.287793412,0.989408566,-0.973349018
05/01/2021,-0.626588049,0.98320905,-1.593838178
06/01/2021,-0.828471621,0.975063442,-2.409105303
07/01/2021,-0.718534258,0.968057277,-3.110329314
08/01/2021,-0.329132505,0.964871086,-3.429224714
09/01/2021,0.115075254,0.965981414,-3.318095649
10/01/2021,0.475456053,0.970574231,-2.858415682
11/01/2021,1.649213317,0.986581071,-1.256343737
12/01/2021,0.119370482,0.987758757,-1.138472959
13/01/2021,-1.970526918,0.968294705,-3.086565961
14/01/2021,-0.73938062,0.961135322,-3.80312511
15/01/2021,1.390468977,0.97449961,-2.465537408
16/01/2021,0.186976793,0.976321698,-2.283170598
17/01/2021,0.028268702,0.976597692,-2.255547318
18/01/2021,-0.378483459,0.972901431,-2.625493904
19/01/2021,-0.379747555,0.969206862,-2.99527121
20/01/2021,0.663960028,0.975642008,-2.351198586
21/01/2021,2.317952936,0.99825693,-0.087745327
22/01/2021,-0.701613441,0.991253026,-0.788743135
23/01/2021,0.115692696,0.992399833,-0.673962958
24/01/2021,1.395123051,1.006245032,0
25/01/2021,1.174113318,1.018059489,0
26/01/2021,1.244477271,1.030729008,0
27/01/2021,-1.603745707,1.014198735,-1.603745707
28/01/2021,0.385689581,1.018110394,-1.224241606
29/01/2021,0.570201526,1.023915675,-0.661020725
30/01/2021,-0.193580559,1.021933574,-0.853321676
31/01/2021,0.271954603,1.024712769,-0.583687721
01/02/2021,0.387025573,1.028678669,-0.198921168
02/02/2021,-0.766425469,1.020794614,-0.963822055
03/02/2021,-0.231406245,1.018432432,-1.192997955
04/02/2021,-0.06998287,1.017719703,-1.262145931
05/02/2021,-0.794486043,1.009634062,-2.046604401
06/02/2021,0.529579963,1.014980882,-1.527862845
07/02/2021,0.660550748,1.021685346,-0.877404406
08/02/2021,-3.30851075,0.987882776,-4.156886137
09/02/2021,0.242421895,0.990277621,-3.924541444
10/02/2021,0.567202418,0.995894499,-3.379599121
11/02/2021,0.170741731,0.997594907,-3.214627775
12/02/2021,1.36095054,1.01117168,-1.897426729
13/02/2021,-0.193559655,1.00921446,-2.087313732
14/02/2021,-0.136587173,1.007836002,-2.221049901
15/02/2021,0.333978429,1.011201957,-1.8944893
16/02/2021,-0.451358085,1.006637815,-2.337296455
17/02/2021,-1.674582715,0.989780832,-3.972739207
18/02/2021,-0.811818853,0.981745605,-4.752306614
19/02/2021,-1.395511583,0.968045231,-6.081499208
20/02/2021,-0.484718177,0.96335294,-6.536739252
21/02/2021,0.660398651,0.96971491,-5.919509139
22/02/2021,-1.011825712,0.959903085,-6.871439735
23/02/2021,2.10408201,0.980100233,-4.911938453
24/02/2021,-0.337308115,0.976794276,-5.232678201
25/02/2021,-0.555547565,0.971367719,-5.759155749
26/02/2021,-0.499677159,0.966514016,-6.230055722
27/02/2021,0.837016198,0.974603895,-5.445186099
28/02/2021,-0.933175003,0.965509135,-6.327547987
01/03/2021,3.453509515,0.998853085,-3.092560944
02/03/2021,-1.524495022,0.983625619,-4.569910028
03/03/2021,3.064060313,1.013764502,-1.645874515
04/03/2021,0.374104415,1.017557039,-1.277927389
05/03/2021,0.242960118,1.020029297,-1.038072125
06/03/2021,1.132610032,1.031582251,0
07/03/2021,-0.446857692,1.026972547,-0.446857692
08/03/2021,0.078916967,1.027783002,-0.368293371
09/03/2021,-0.816950158,1.019386527,-1.182234756
10/03/2021,0.055174458,1.019948968,-1.12771259
11/03/2021,-1.117223337,1.00855386,-2.232336858
12/03/2021,1.503333231,1.023715786,-0.762563089
13/03/2021,-3.684756592,0.985994351,-4.419221087
14/03/2021,1.91565796,1.00488263,-2.588220287
15/03/2021,1.64522261,1.021415186,-0.985579662
16/03/2021,-3.146956978,0.98927169,-4.101520872
17/03/2021,-0.269890252,0.986601742,-4.360341519
18/03/2021,0.178691926,0.98836472,-4.189441171
19/03/2021,0.093417285,0.989288023,-4.099937548
20/03/2021,-0.161054335,0.987694732,-4.254388756
21/03/2021,-0.394725026,0.983796054,-4.632320644
22/03/2021,0.262793455,0.986381405,-4.381700625
23/03/2021,-0.559625334,0.980861365,-4.916804852
24/03/2021,3.572237667,1.015900064,-1.52020714
25/03/2021,0.142261264,1.017345297,-1.380108542
26/03/2021,1.286025431,1.030428616,-0.111831658
27/03/2021,0.05194263,1.030963847,-0.059947116
28/03/2021,0.138252906,1.032389185,0
29/03/2021,-1.625502422,1.015607674,-1.625502422
30/03/2021,-0.406137559,1.01148291,-2.025038205
31/03/2021,2.050219438,1.032220529,-0.016336493
01/04/2021,0.199326675,1.03427802,0
02/04/2021,-0.263126211,1.031556563,-0.263126211
03/04/2021,0.520642967,1.03692729,0
04/04/2021,0.319022069,1.040235317,0
05/04/2021,0.877418239,1.049362531,0
06/04/2021,0.899385895,1.05880035,0
07/04/2021,-0.254860229,1.056101889,-0.254860229
08/04/2021,0.055955775,1.056692839,-0.199047063
09/04/2021,-0.106397708,1.055568542,-0.305232989
10/04/2021,-0.241380996,1.0530206,-0.545877211
11/04/2021,-0.149698575,1.051444243,-0.694758615
12/04/2021,0.299029397,1.05458837,-0.397806751
13/04/2021,-0.522908051,1.049073843,-0.918634638
14/04/2021,-1.293950364,1.035499348,-2.200698326
15/04/2021,0.626825739,1.041990124,-1.587667131
16/04/2021,0.363052105,1.045773092,-1.230379085
17/04/2021,-0.643270373,1.039045943,-1.865734794
18/04/2021,-1.505182789,1.023406402,-3.342834864
19/04/2021,-0.810464091,1.015112061,-4.126206479
20/04/2021,1.980442577,1.035215772,-2.227481052
21/04/2021,0.24875965,1.037790972,-1.984262476
22/04/2021,2.170651904,1.060317801,0
23/04/2021,0.006428707,1.060385966,0
24/04/2021,-1.46933947,1.044805296,-1.46933947
25/04/2021,1.985741015,1.065552424,0
26/04/2021,1.528832725,1.081842938,0
27/04/2021,1.184567892,1.094658102,0
28/04/2021,0.631209939,1.101567693,0
29/04/2021,-0.18756213,1.099501569,-0.18756213
30/04/2021,-0.918348079,1.089404317,-1.104187736
01/05/2021,-0.027493502,1.089104802,-1.131377658
02/05/2021,0.589667468,1.095526898,-0.548381555
03/05/2021,4.951588937,1.149772887,0
04/05/2021,-0.901122453,1.139412026,-0.901122453
05/05/2021,-1.250485531,1.125163843,-2.140339578
06/05/2021,0.187373219,1.127272099,-1.956976782
07/05/2021,-0.519930772,1.121411064,-2.46673263
08/05/2021,3.155958478,1.156802332,0
09/05/2021,0.425373403,1.161723061,0
10/05/2021,0.664452544,1.16944216,0
11/05/2021,1.57440794,1.18785395,0
12/05/2021,0.959882765,1.199255955,0
13/05/2021,-3.65793806,1.155387915,-3.65793806
14/05/2021,0.403794158,1.160053304,-3.268914442
15/05/2021,2.038982013,1.183706582,-1.296585006
16/05/2021,-2.296226095,1.156526003,-3.563038578
17/05/2021,-0.347334588,1.152508988,-3.8979975
18/05/2021,0.763868758,1.161312644,-3.163904327
19/05/2021,13.38021402,1.316698761,0
20/05/2021,2.930844604,1.355289156,0
21/05/2021,-2.801562802,1.317319879,-2.801562802
22/05/2021,-0.339447033,1.312848276,-3.131500014
23/05/2021,0.796405334,1.32330387,-2.360034112
24/05/2021,5.180371958,1.391855932,0
25/05/2021,0.230010921,1.395057353,0
26/05/2021,-0.90234045,1.382469186,-0.90234045
27/05/2021,-0.433990242,1.376469405,-1.332414622
28/05/2021,1.565635859,1.398019903,0
29/05/2021,0.682921775,1.407567286,0
30/05/2021,-0.461129521,1.401076577,-0.461129521
31/05/2021,-0.597777656,1.392701255,-1.056150648
01/06/2021,0.942590472,1.405828724,-0.123515351
02/06/2021,-1.561479287,1.383877,-1.683065971
03/06/2021,-2.139389873,1.354270475,-3.786448502
04/06/2021,2.855166337,1.39293715,-1.039391567
05/06/2021,1.22036344,1.409936046,0
06/06/2021,-0.288996484,1.40586138,-0.288996484
07/06/2021,1.501578565,1.426971493,0
08/06/2021,0.435602751,1.43318742,0
09/06/2021,-1.862804073,1.406489947,-1.862804073
10/06/2021,-0.245052471,1.403043308,-2.103291697
11/06/2021,0.034072604,1.403521362,-2.069935739
12/06/2021,1.288736069,1.421609048,-0.807875679
13/06/2021,-1.024474224,1.407045029,-1.824073424
14/06/2021,-1.115242805,1.391353061,-2.918973382
15/06/2021,0.176452365,1.393808136,-2.747671615
16/06/2021,2.967010453,1.435162569,0
17/06/2021,0.148523106,1.437294117,0
18/06/2021,2.009998749,1.466183711,0
19/06/2021,-0.347212253,1.461092942,-0.347212253
20/06/2021,0.573359427,1.469470256,0
21/06/2021,2.55160789,1.506965375,0
22/06/2021,2.417110001,1.543390386,0
23/06/2021,1.512983009,1.56674162,0
24/06/2021,-0.867067086,1.553156919,-0.867067086
25/06/2021,2.215594328,1.587568576,0
26/06/2021,0.947430273,1.602609681,0
27/06/2021,1.150406555,1.621046208,0
28/06/2021,0.849052497,1.634809741,0
29/06/2021,0.278281421,1.639359113,0
30/06/2021,1.263606249,1.660074157,0
01/07/2021,-0.956597941,1.644193922,-0.956597941
02/07/2021,1.271331591,1.665097078,0
03/07/2021,-0.318648419,1.659791273,-0.318648419
04/07/2021,-1.141419586,1.64084609,-1.45643089
05/07/2021,-0.959328098,1.625104993,-2.401787038
06/07/2021,1.409201655,1.648005999,-1.026431405
07/07/2021,-0.121832843,1.645998187,-1.147013718
08/07/2021,-2.573426518,1.603639633,-3.690922681
09/07/2021,0.097818501,1.605208289,-3.596714585
10/07/2021,0.426488277,1.612054314,-3.185565874
11/07/2021,-0.669100242,1.601268055,-3.833351487
12/07/2021,1.415782103,1.623938521,-2.471841289
13/07/2021,0.271716593,1.628351032,-2.206841099
14/07/2021,0.921388388,1.643354469,-1.305786288
15/07/2021,0.652802509,1.654082328,-0.661507985
16/07/2021,0.861060899,1.668324985,0
17/07/2021,0.29156091,1.673189168,0
18/07/2021,1.186934488,1.693048827,0
19/07/2021,0.869044977,1.707762183,0
20/07/2021,-0.280797875,1.702966823,-0.280797875
21/07/2021,0.398335876,1.709750351,0
22/07/2021,0.261894105,1.714228086,0
23/07/2021,0.844985913,1.728713072,0
24/07/2021,0.904777422,1.744354078,0
25/07/2021,0.869414519,1.759519745,0
26/07/2021,3.578345429,1.82248144,0
27/07/2021,3.581589515,1.887755244,0
28/07/2021,0.716472932,1.901280499,0
29/07/2021,1.191182463,1.923928219,0
30/07/2021,5.522516083,2.030177465,0
31/07/2021,-0.445024935,2.021142669,-0.445024935
01/08/2021,-0.181387804,2.017476562,-0.625605518
02/08/2021,-0.871337912,1.999897524,-1.491492291
03/08/2021,-1.838092056,1.963137567,-3.302169346
04/08/2021,3.008337233,2.022195365,-0.393172503
05/08/2021,3.300936228,2.088946744,0
06/08/2021,3.328751187,2.158482584,0
07/08/2021,3.327101167,2.230297483,0
08/08/2021,-1.375272657,2.199624812,-1.375272657
09/08/2021,3.142926371,2.2687574,0
10/08/2021,-0.561436776,2.256019762,-0.561436776
11/08/2021,-0.506636221,2.244589948,-1.065228555
12/08/2021,-1.045372164,2.22112563,-2.099465116
13/08/2021,4.810449832,2.327971764,0
14/08/2021,-0.652446952,2.312782983,-0.652446952
15/08/2021,1.055222537,2.33718799,0
16/08/2021,-1.326236879,2.306191341,-1.326236879
17/08/2021,-0.004375981,2.306090423,-1.330554824
18/08/2021,-1.30959434,2.275889993,-2.622724293
19/08/2021,2.352258958,2.329424819,-0.332158603
20/08/2021,1.535036979,2.365182352,0
21/08/2021,-0.60360787,2.350905925,-0.60360787
22/08/2021,0.53583196,2.36350283,-0.071010234
23/08/2021,1.049249552,2.388301873,0
24/08/2021,-0.824257947,2.368616105,-0.824257947
25/08/2021,0.986346887,2.391978876,0
26/08/2021,-0.78014677,2.37331793,-0.78014677
27/08/2021,1.727448364,2.414315772,0
28/08/2021,-0.275643783,2.407660861,-0.275643783
29/08/2021,0.470511651,2.418989186,0
30/08/2021,-1.633624216,2.379471993,-1.633624216
31/08/2021,-0.510597555,2.367322467,-2.135880525
01/09/2021,2.452474498,2.425380447,0
02/09/2021,0.325252235,2.433269051,0
03/09/2021,-0.537522153,2.420189691,-0.537522153
04/09/2021,0.147017145,2.423747784,-0.391295258
05/09/2021,0.463512469,2.434982157,0
06/09/2021,0.308550977,2.442495319,0
07/09/2021,1.7571424,2.48541344,0
08/09/2021,-2.67405078,2.418952222,-2.67405078
09/09/2021,0.505977338,2.431191572,-2.181603533
10/09/2021,0.010052625,2.431435971,-2.171770217
11/09/2021,-0.892634349,2.409732138,-3.045018599
12/09/2021,0.529836458,2.422499778,-2.531315759
13/09/2021,0.16222264,2.426429621,-2.373199486
14/09/2021,0.795429991,2.44573017,-1.596646635
15/09/2021,1.990654868,2.494416216,0
16/09/2021,-0.202144653,2.489373887,-0.202144653
17/09/2021,0.442168994,2.500381127,0
18/09/2021,0.647789188,2.516578325,0
19/09/2021,-0.254821701,2.510165538,-0.254821701
20/09/2021,-0.93060376,2.486805843,-1.183054081
21/09/2021,-1.017019646,2.461514539,-2.188041834
22/09/2021,2.151469912,2.514473283,-0.083646984
23/09/2021,1.22640791,2.545310983,0
24/09/2021,-2.555273102,2.480271336,-2.555273102
25/09/2021,-0.092337316,2.47798112,-2.645250947
26/09/2021,1.456959495,2.514084301,-1.226831687
27/09/2021,-1.342986117,2.480320498,-2.553341625
28/09/2021,-1.282739061,2.448504458,-3.803327975
29/09/2021,0.761315018,2.46714529,-3.070968264
30/09/2021,-0.98641723,2.442808944,-4.027092934
01/10/2021,2.253642684,2.497861129,-1.864206535
02/10/2021,0.783931482,2.517442649,-1.094889155
03/10/2021,-0.031371293,2.516652894,-1.125916966
04/10/2021,0.322648812,2.524772845,-0.806900912
05/10/2021,0.929435876,2.54823899,0
06/10/2021,-0.169194221,2.543927517,-0.169194221
07/10/2021,0.193896286,2.548860098,0
08/10/2021,0.113825,2.551761338,0
09/10/2021,-0.058096576,2.550278852,-0.058096576
10/10/2021,0.677610676,2.567559813,0
11/10/2021,0.474091193,2.579732388,0
12/10/2021,0.761789991,2.599384532,0
13/10/2021,-1.135380178,2.569871635,-1.135380178
14/10/2021,-1.120952702,2.541064589,-2.243605805
15/10/2021,-1.773381893,2.49600181,-3.977199999
16/10/2021,0.489929932,2.50823047,-3.506755561
17/10/2021,-0.392042461,2.498397141,-3.885050051
18/10/2021,-0.263040567,2.491825343,-4.137871361
19/10/2021,-0.65301723,2.475553295,-4.763867578
20/10/2021,-0.29851268,2.468163454,-5.048159509
21/10/2021,1.996505868,2.517440482,-3.152440442
22/10/2021,0.851678675,2.538880986,-2.327610431
23/10/2021,0.246249694,2.545132973,-2.08709247
24/10/2021,0.07374367,2.547009847,-2.014887899
25/10/2021,-0.694321864,2.529325401,-2.695219956
26/10/2021,1.209835101,2.559926067,-1.517992572
27/10/2021,-0.533815056,2.546260797,-2.043704355
28/10/2021,3.722821662,2.641053545,0
29/10/2021,0.220901017,2.646887659,0
30/10/2021,-0.581635841,2.631492412,-0.581635841
31/10/2021,0.260297361,2.638342117,-0.322852463
01/11/2021,0.733288438,2.657688775,0
02/11/2021,2.537377164,2.725124363,0
03/11/2021,0.688062755,2.743874929,0
04/11/2021,0.007092455,2.744069537,0
05/11/2021,-0.166983086,2.739487405,-0.166983086
06/11/2021,0.236955933,2.745978783,0
07/11/2021,0.345024406,2.75545308,0
08/11/2021,0.451258665,2.767887301,0
09/11/2021,-0.177313545,2.762979462,-0.177313545
10/11/2021,1.36797782,2.800776408,0
11/11/2021,-0.186891582,2.795541992,-0.186891582
12/11/2021,0.878996558,2.82011471,0
13/11/2021,0.096130172,2.822825692,0
14/11/2021,-0.780092421,2.800805042,-0.780092421
15/11/2021,0.516026055,2.815257926,-0.268091846
16/11/2021,-0.091296659,2.81268769,-0.359143746
17/11/2021,-0.220852803,2.80647579,-0.57920337
18/11/2021,-1.507728286,2.764161761,-2.078198843
19/11/2021,1.310333008,2.800381485,-0.79509716
20/11/2021,0.777182362,2.822145556,-0.024094153
21/11/2021,-0.92180343,2.796130921,-0.945675482
22/11/2021,-0.934887605,2.76999024,-1.871722084
23/11/2021,-1.304238378,2.733862964,-3.151548745
24/11/2021,0.459156847,2.746415683,-2.706862449
25/11/2021,-1.306301567,2.710539212,-3.97780423
26/11/2021,0.1634784,2.714970358,-3.82082868
27/11/2021,-0.006991742,2.714780534,-3.82755328
28/11/2021,-0.250486958,2.707980363,-4.068452716
29/11/2021,0.297132681,2.716026658,-3.783408738
30/11/2021,-1.639979714,2.671484371,-5.361341317
01/12/2021,0.102505222,2.674222782,-5.264331749
02/12/2021,1.006714987,2.701144584,-4.310613579
03/12/2021,1.899033829,2.752440233,-2.493439761
04/12/2021,0.964243099,2.778980448,-1.553239483
05/12/2021,0.52472191,2.793562368,-1.036667761
06/12/2021,0.429368954,2.805557057,-0.611749936
07/12/2021,-0.297891132,2.797199551,-0.907818719
08/12/2021,0.491445177,2.810946254,-0.420834973
09/12/2021,-1.003941893,2.782725987,-1.420551927
10/12/2021,-0.378598903,2.772190617,-1.793772637
11/12/2021,-0.12691442,2.768672307,-1.9184105
12/12/2021,0.241121319,2.775348166,-1.681914878
13/12/2021,0.989794521,2.80281841,-0.708767858
14/12/2021,-1.024512973,2.774103172,-1.726019413
15/12/2021,-0.162397276,2.769598104,-1.885613681
16/12/2021,0.818142245,2.792257356,-1.082898438
17/12/2021,1.586064583,2.836544361,0
18/12/2021,0.153307116,2.840892986,0
19/12/2021,-0.189077689,2.835521491,-0.189077689
20/12/2021,-0.344770909,2.825745437,-0.533196714
21/12/2021,-1.986907141,2.7696005,-2.509509731
22/12/2021,-0.131199213,2.765966806,-2.637416487
23/12/2021,-0.82482086,2.743152534,-3.440483385
24/12/2021,-0.29461829,2.735070705,-3.724965382
25/12/2021,0.148308032,2.739127035,-3.582181773
26/12/2021,0.00195427,2.739180565,-3.580297509
27/12/2021,-0.345286168,2.729722553,-3.913221405
28/12/2021,-0.627699311,2.712588103,-4.516357452
29/12/2021,-0.31161295,2.704135328,-4.813896848
30/12/2021,-0.457382623,2.691767083,-5.249261544
31/12/2021,1.475478688,2.731483532,-3.851234591
01/01/2022,-0.620037223,2.714547318,-4.447392726
02/01/2022,0.769683055,2.735440728,-3.711940499
03/01/2022,-0.214943358,2.72956108,-3.918905288
04/01/2022,0.715559444,2.749092712,-3.231387941
05/01/2022,3.044197734,2.83278053,-0.285560045
06/01/2022,0.474786151,2.84623018,0
07/01/2022,3.707592294,2.951756791,0
08/01/2022,0.052146762,2.953296036,0
09/01/2022,-1.249799341,2.916385762,-1.249799341
10/01/2022,1.210125515,2.95167769,-0.054797967
11/01/2022,-0.049475175,2.950217342,-0.104246031
12/01/2022,0.700570834,2.970885705,0
13/01/2022,-1.100722854,2.938184487,-1.100722854
14/01/2022,0.292141058,2.94676813,-0.811797459
15/01/2022,0.003259889,2.946864191,-0.808564034
16/01/2022,0.047238285,2.948256239,-0.7617077
17/01/2022,-0.801527187,2.924625164,-1.557129593
18/01/2022,-0.308368126,2.915606552,-1.860696028
19/01/2022,0.039917765,2.916770397,-1.821521011
20/01/2022,0.92787301,2.943834323,-0.910549403
21/01/2022,5.221965371,3.097560331,0
22/01/2022,-2.188896825,3.029757932,-2.188896825
23/01/2022,0.790830725,3.053718188,-1.415376569
24/01/2022,0.723501156,3.075811875,-0.702115679
25/01/2022,-1.077930385,3.042656764,-1.772477745
26/01/2022,0.101509586,3.045745352,-1.672767395
27/01/2022,-1.822659205,2.990231794,-3.46493775
28/01/2022,-0.67523903,2.970040582,-4.116780168
29/01/2022,0.066260112,2.972008534,-4.053247839
30/01/2022,0.681912469,2.992275031,-3.398974973
31/01/2022,0.895221322,3.019062515,-2.534181999
01/02/2022,0.361776925,3.029984787,-2.18157316
02/02/2022,-0.931564365,3.001758528,-3.092814767
03/02/2022,-2.203133742,2.935625773,-5.227809663
04/02/2022,-0.257431545,2.928068546,-5.471783177
05/02/2022,-0.108869343,2.924880777,-5.574695426
06/02/2022,0.414487639,2.937004047,-5.183314211
07/02/2022,1.363505809,2.977050267,-3.890483192
08/02/2022,-0.543119757,2.960881319,-4.412472966
09/02/2022,0.764720446,2.983523784,-3.681495603
10/02/2022,-1.402222401,2.941688145,-5.032095248
11/02/2022,0.549577754,2.957855009,-4.51017277
12/02/2022,-0.698250954,2.937201758,-5.176931399
13/02/2022,0.109534992,2.940419022,-5.073066959
14/02/2022,-1.333064548,2.901221338,-6.33850425
15/02/2022,-1.950521055,2.844632405,-8.165391445
16/02/2022,0.784276122,2.866942178,-7.445154539
17/02/2022,0.212210057,2.873026118,-7.248743848
18/02/2022,-1.46490498,2.830939015,-8.607461618
19/02/2022,-0.748992257,2.809735501,-9.291984654
20/02/2022,0.858793114,2.833865316,-8.512990465
21/02/2022,1.732743014,2.882968919,-6.927755698
22/02/2022,-0.787528398,2.86026472,-7.660726053
23/02/2022,0.25891862,2.867670478,-7.421642479
24/02/2022,0.16354707,2.872360469,-7.270233288
25/02/2022,-2.96410054,2.787220817,-10.0188368
26/02/2022,-1.093093047,2.7567539,-11.00241464
27/02/2022,1.464507914,2.797126779,-9.699037961
28/02/2022,0.985635691,2.824696259,-8.80899945
01/03/2022,-0.908301493,2.799039501,-9.637288669
02/03/2022,-0.271826462,2.791430971,-9.88291843
03/03/2022,0.296280065,2.799701424,-9.615919482
04/03/2022,1.352241862,2.837560159,-8.39370811
05/03/2022,-0.122932278,2.834071881,-8.506321811
06/03/2022,0.083221587,2.836430441,-8.43017932
07/03/2022,0.857655507,2.860757243,-7.644825711
08/03/2022,-0.762894637,2.838932679,-8.349398383
09/03/2022,0.413065826,2.85065934,-7.970821068
10/03/2022,1.115105233,2.882447191,-6.944598878
11/03/2022,-1.077995123,2.851374551,-7.947731564
12/03/2022,-0.556794839,2.835498245,-8.460273844
13/03/2022,0.133068441,2.839271398,-8.338463357
14/03/2022,-0.08320808,2.836908895,-8.414733163
15/03/2022,0.877328658,2.86179791,-7.61122937
16/03/2022,0.672657278,2.881048002,-6.989769581
17/03/2022,0.111261025,2.884253485,-6.886285445
18/03/2022,0.554150409,2.900236588,-6.370295415
19/03/2022,-0.436717477,2.887570748,-6.779192699
20/03/2022,-1.183080673,2.853408456,-7.882070053
21/03/2022,0.279965392,2.861397012,-7.62417173
22/03/2022,1.242634792,2.896953727,-6.476277548
23/03/2022,1.424608183,2.938223967,-5.143930945
24/03/2022,1.467015464,2.981328167,-3.752377744
25/03/2022,-0.997741822,2.951582209,-4.712680524
26/03/2022,0.807166663,2.975406397,-3.943553047
27/03/2022,3.585284376,3.082083177,-0.499656263
28/03/2022,-0.442039015,3.068459167,-0.939486602
29/03/2022,0.035847524,3.069559134,-0.903975861
30/03/2022,-0.668294789,3.04904543,-1.566229426
31/03/2022,-1.265668959,3.010454609,-2.812075106
01/04/2022,2.000285642,3.0706723,-0.868038999
02/04/2022,-0.554168668,3.053655596,-1.417397266
03/04/2022,1.23134565,3.091256651,-0.203504676
04/04/2022,0.732726554,3.11390711,0
05/04/2022,-0.584751624,3.095698487,-0.584751624
06/04/2022,-0.778268935,3.071605628,-1.358469618
07/04/2022,0.088391412,3.074320663,-1.271278976
08/04/2022,-0.528143684,3.058083833,-1.792708481
09/04/2022,-0.008580826,3.057821424,-1.801135478
10/04/2022,-0.711279042,3.036071781,-2.499603421
11/04/2022,0.340598188,3.046412587,-2.167518837
12/04/2022,-0.840048613,3.02082124,-2.989359238
13/04/2022,0.319436392,3.030470842,-2.679471947
14/04/2022,-0.426457465,3.017547173,-3.094502605
15/04/2022,0.314776819,3.027045712,-2.789466562
16/04/2022,-0.137695338,3.022877611,-2.923320935
17/04/2022,-1.132609312,2.988640218,-4.022820442
18/04/2022,1.412897911,3.030866653,-2.666760877
19/04/2022,0.666834792,3.051077527,-2.017708974
20/04/2022,-0.259718125,3.043153325,-2.272186743
21/04/2022,1.48746394,3.088419134,-0.818520761
22/04/2022,-0.131583425,3.084355286,-0.949027148
23/04/2022,-0.69946589,3.062781273,-1.641854916
24/04/2022,0.016218497,3.06327801,-1.625902703
25/04/2022,0.112271109,3.066717186,-1.515457014
26/04/2022,0.861933041,3.093150235,-0.666586197
27/04/2022,0.494948677,3.108459741,-0.17493678
28/04/2022,-0.530980379,3.09195443,-0.704988279
29/04/2022,1.67807408,3.143839715,0
30/04/2022,-0.920452942,3.11490215,-0.920452942
01/05/2022,0.143197021,3.119362597,-0.778573981
02/05/2022,-0.477118,3.104479557,-1.251977264
03/05/2022,1.674135841,3.156452762,0
04/05/2022,-3.812828391,3.036102635,-3.812828391
05/05/2022,4.910088449,3.18517796,0
06/05/2022,0.995344903,3.216881466,0
07/05/2022,1.395229711,3.261764352,0
08/05/2022,2.928722343,3.357292373,0
09/05/2022,8.543224978,3.644113414,0
10/05/2022,-2.682632681,3.546355237,-2.682632681
11/05/2022,5.023176464,3.724494918,0
12/05/2022,1.180299014,3.768455095,0
13/05/2022,-1.859865277,3.698366907,-1.859865277
14/05/2022,-1.653659828,3.637208499,-3.48276926
15/05/2022,-2.633410206,3.541425879,-6.024463865
16/05/2022,3.157095701,3.653232084,-3.057566253
17/05/2022,-1.238066185,3.608002653,-4.257777744
18/05/2022,3.508128088,3.734576007,-0.899017953
19/05/2022,-2.918680137,3.625575679,-3.791458632
20/05/2022,1.854452704,3.692810265,-2.007316735
21/05/2022,-0.428030237,3.677003921,-2.426755049
22/05/2022,-1.619548913,3.617453044,-4.007001477
23/05/2022,2.009169831,3.690133819,-2.078339111
24/05/2022,-0.585609278,3.668524053,-2.651777443
25/05/2022,0.141213689,3.673704511,-2.514308427
26/05/2022,0.756251121,3.701486942,-1.777071792
27/05/2022,0.402926615,3.716401219,-1.381305472
28/05/2022,-0.23818939,3.707549145,-1.616204739
29/05/2022,-0.402925712,3.692610476,-2.012618346
30/05/2022,-0.660089218,3.668235953,-2.659422487
31/05/2022,-0.738354619,3.641151363,-3.378141137
01/06/2022,1.077248198,3.680375601,-2.337283904
02/06/2022,-0.289530656,3.669719785,-2.620047406
03/06/2022,0.369713038,3.683287217,-2.260021025
04/06/2022,-0.004910933,3.683106334,-2.26482097
05/06/2022,0.029314548,3.68418602,-2.236170344
06/06/2022,-0.794605658,3.654911269,-3.013007265
07/06/2022,1.014739797,3.691999108,-2.028841653
08/06/2022,1.069572847,3.731487728,-0.980968745
09/06/2022,-0.021805391,3.730674063,-1.002560232
10/06/2022,0.590593371,3.752707177,-0.417887915
11/06/2022,0.156519032,3.758580877,-0.262022958
12/06/2022,3.232733999,3.880085799,0
13/06/2022,7.065426565,4.154230412,0
14/06/2022,1.437293165,4.213938882,0
15/06/2022,-2.121383437,4.12454508,-2.121383437
16/06/2022,2.893409557,4.243885062,0
17/06/2022,-0.458747683,4.224416338,-0.458747683
18/06/2022,6.890573718,4.51550286,0
19/06/2022,-3.426711833,4.360769589,-3.426711833
20/06/2022,-0.998520492,4.317226411,-4.391015905
21/06/2022,-0.694554113,4.287240937,-5.055072037
22/06/2022,-0.347584187,4.272339166,-5.385085593
23/06/2022,1.011693531,4.315562145,-4.427872624
24/06/2022,1.298682256,4.371607584,-3.186694365
25/06/2022,0.110877447,4.376454711,-3.079350243
26/06/2022,-0.676230149,4.346859805,-3.734756897
27/06/2022,0.930258947,4.387296857,-2.83924086
28/06/2022,2.396672683,4.492446003,-0.510615487
29/06/2022,0.783530368,4.527645681,0
30/06/2022,0.360439551,4.543965107,0
01/07/2022,2.904946327,4.675964855,0
02/07/2022,0.153615492,4.683147861,0
03/07/2022,-0.87182027,4.642319229,-0.87182027
04/07/2022,-2.191794093,4.54056915,-3.044505858
05/07/2022,2.162481322,4.63875811,-0.947861406
06/07/2022,-0.852589078,4.599208565,-1.792369121
07/07/2022,1.110469032,4.650281352,-0.701803794
08/07/2022,-0.599534394,4.622401316,-1.297130632
09/07/2022,0.126439282,4.628245847,-1.172331433
10/07/2022,-1.37795056,4.564470907,-2.534127845
11/07/2022,-0.957985157,4.520743953,-3.467836434
12/07/2022,0.24425446,4.531786072,-3.232052319
13/07/2022,0.947479979,4.574723838,-2.315195389
14/07/2022,1.956252738,4.664216998,-0.404233724
15/07/2022,0.999256058,4.710824469,0
16/07/2022,4.900452112,4.941676166,0
17/07/2022,-0.633346202,4.910378248,-0.633346202
18/07/2022,8.741318787,5.339610064,0
19/07/2022,-0.83514782,5.295016427,-0.83514782
20/07/2022,-0.59495255,5.263513592,-1.425131636
21/07/2022,1.652972384,5.350518018,0
22/07/2022,-1.354061436,5.278068717,-1.354061436
23/07/2022,0.118544374,5.28432557,-1.237122225
24/07/2022,1.755980724,5.377117309,0
25/07/2022,-4.556606758,5.132103218,-4.556606758
26/07/2022,0.347912548,5.149958449,-4.224547217
27/07/2022,6.28452228,5.473608735,0
28/07/2022,1.188173957,5.538644729,0
29/07/2022,-0.417548737,5.515518188,-0.417548737
30/07/2022,-0.679685992,5.478029983,-1.094396709
31/07/2022,-0.539201963,5.448492338,-1.627697663
01/08/2022,-1.56023242,5.363483194,-3.162534216
02/08/2022,-0.00783301,5.363063072,-3.170119504
03/08/2022,-0.402243375,5.341490506,-3.559611283
04/08/2022,0.153719132,5.349701399,-3.411363955
05/08/2022,2.638209523,5.490837731,-0.86315336
06/08/2022,-0.313741895,5.473610672,-1.174187181
07/08/2022,0.458309775,5.498696765,-0.721258821
08/08/2022,0.99278578,5.553287045,0
09/08/2022,-2.219508591,5.430031362,-2.219508591
10/08/2022,4.354010319,5.666455487,0
11/08/2022,-0.353336152,5.646433852,-0.353336152
12/08/2022,2.341195376,5.7786279,0
13/08/2022,0.560470327,5.811015395,0
14/08/2022,-1.116010183,5.746163871,-1.116010183
15/08/2022,-0.703221337,5.705755621,-1.811383498
16/08/2022,-0.00184319,5.705650453,-1.8131933
17/08/2022,0.051830585,5.708607725,-1.762302504
18/08/2022,-0.075493349,5.704298106,-1.836465432
19/08/2022,4.828730589,5.979743293,0
20/08/2022,-0.901325104,5.925846366,-0.901325104
21/08/2022,-1.26183159,5.851072164,-2.151783488
22/08/2022,-1.158854276,5.783266764,-3.28570173
23/08/2022,-0.430641865,5.758361596,-3.702193988
24/08/2022,-1.46423812,5.674045471,-5.112223173
25/08/2022,-0.04040958,5.671752613,-5.150566925
26/08/2022,-1.361284926,5.5945439,-6.44173796
27/08/2022,-1.289699023,5.522391122,-7.648357951
28/08/2022,-0.358847318,5.502574169,-7.979759342
29/08/2022,-1.077281288,5.443295967,-8.971076175
30/08/2022,-1.259895543,5.374716124,-10.11794553
31/08/2022,0.48759251,5.400922837,-9.679687364
01/09/2022,-0.881700225,5.353302888,-10.47604176
02/09/2022,-0.012033193,5.352658715,-10.48681435
03/09/2022,-0.346000018,5.334138515,-10.79652999
04/09/2022,-0.4026387,5.312661209,-11.15569769
05/09/2022,0.050765998,5.315358234,-11.11059499
06/09/2022,2.164157804,5.430390974,-9.186887994
07/09/2022,0.938988534,5.481381723,-8.334163284
08/09/2022,-0.132152684,5.47413793,-8.455302148
09/09/2022,1.152282929,5.537215487,-7.400448222
10/09/2022,0.696798858,5.575798741,-6.755215602
11/09/2022,-0.325048812,5.557674674,-7.058306666
12/09/2022,-1.339517279,5.483228661,-8.303276708
13/09/2022,1.673972298,5.57501639,-6.768298961
14/09/2022,0.744653467,5.616530943,-6.074045867
15/09/2022,-0.036839241,5.614461855,-6.108647476
16/09/2022,0.376012274,5.635572921,-5.755604467
17/09/2022,-0.967413476,5.581053629,-6.667337449
18/09/2022,1.789189234,5.68090924,-4.997439499
19/09/2022,0.14277202,5.689019989,-4.861802424
20/09/2022,0.716677606,5.729791921,-4.179968267
21/09/2022,1.472719398,5.814175678,-2.768808073
22/09/2022,-1.612056998,5.720447852,-4.336230306
23/09/2022,0.217298007,5.732878271,-4.128354841
24/09/2022,0.622877984,5.768587108,-3.531191471
25/09/2022,0.154915805,5.777523561,-3.38174604
26/09/2022,-1.078372083,5.71522036,-4.423650318
27/09/2022,1.355170259,5.792671327,-3.128428052
28/09/2022,-1.080585261,5.730076574,-4.17520798
29/09/2022,-0.345688998,5.71026833,-4.506463744
30/09/2022,-0.191566091,5.699329392,-4.689396979
01/10/2022,0.067802366,5.703193672,-4.624774134
02/10/2022,0.187675377,5.713897162,-4.44577832
03/10/2022,-0.78915558,5.668805624,-5.199849792
04/10/2022,-0.058388232,5.665495709,-5.255201924
05/10/2022,-0.44268807,5.640415235,-5.674625842
06/10/2022,0.05481058,5.643506779,-5.622925558
07/10/2022,0.407970195,5.666530605,-5.237895223
08/10/2022,-0.054334807,5.663451706,-5.28938403
09/10/2022,-0.247630899,5.64942725,-5.52391678
10/10/2022,0.965612673,5.703978835,-4.611643747
11/10/2022,0.354673232,5.724209322,-4.273326781
12/10/2022,-0.657206041,5.686589472,-4.902448261
13/10/2022,1.182118628,5.753811705,-3.778282387
14/10/2022,0.722378625,5.795376011,-3.083197266
15/10/2022,-0.066726387,5.791508966,-3.147866347
16/10/2022,-0.072407954,5.787315453,-3.217994996
17/10/2022,-0.31214118,5.769250858,-3.520091488
18/10/2022,-0.609146984,5.734107641,-4.107795941
19/10/2022,0.110751032,5.740458224,-4.001594335
20/10/2022,-0.287932243,5.723929594,-4.278004698
21/10/2022,-0.270435824,5.708450038,-4.536871265
22/10/2022,-0.113750858,5.701956627,-4.645461393
23/10/2022,0.145306726,5.710241954,-4.506904835
24/10/2022,-0.46079612,5.68392938,-4.946933313
25/10/2022,3.876414461,5.904262041,-1.26228249
26/10/2022,3.260567457,6.096774487,0
27/10/2022,-1.736384537,5.990911038,-1.736384537
28/10/2022,0.681784642,6.031756149,-1.066438298
29/10/2022,1.599307181,6.128222458,0
30/10/2022,-0.756977548,6.08183319,-0.756977548
31/10/2022,-0.233273477,6.067645887,-0.988485197
01/11/2022,-0.003095539,6.06745806,-0.991550138
02/11/2022,-0.113725622,6.060557806,-1.104148113
03/11/2022,1.192631855,6.132837949,0
04/11/2022,0.751121408,6.178903008,0
05/11/2022,-0.613819857,6.140975674,-0.613819857
06/11/2022,-0.864286317,6.087900061,-1.472801013
07/11/2022,0.328024548,6.107869868,-1.149607613
08/11/2022,0.079179782,6.112706066,-1.071338088
09/11/2022,8.937404132,6.659023311,0
10/11/2022,-9.514755723,6.025433509,-9.514755723
11/11/2022,1.560102035,6.11943642,-8.103093586
12/11/2022,1.295811726,6.198732795,-6.912282696
13/11/2022,1.622434588,6.29930318,-5.401995373
14/11/2022,-1.189413795,6.224378399,-6.52715709
15/11/2022,-0.707913623,6.180315176,-7.188864078
16/11/2022,0.427694745,6.206748059,-6.791915727
17/11/2022,0.204326637,6.219430099,-6.601466783
18/11/2022,-0.157950647,6.209606469,-6.748990371
19/11/2022,-0.062124329,6.205748792,-6.806921935
20/11/2022,0.958353852,6.265221825,-5.913802481
21/11/2022,1.078571416,6.332796717,-4.899015648
22/11/2022,-0.593777147,6.295194017,-5.463703559
23/11/2022,-0.849083429,6.241742568,-6.266395587
24/11/2022,-0.282705587,6.224096813,-6.531385723
25/11/2022,-0.032417068,6.222079143,-6.561685507
26/11/2022,-0.157535781,6.212277142,-6.708884286
27/11/2022,-0.12937019,6.204240308,-6.82957518
28/11/2022,-0.506155512,6.172837203,-7.30116242
29/11/2022,0.725106794,6.217596865,-6.628996851
30/11/2022,1.699909193,6.323290366,-5.041774584
01/12/2022,-0.417102631,6.296915755,-5.437847841
02/12/2022,0.601943731,6.334819645,-4.868636894
03/12/2022,-1.475104958,6.241374406,-6.271924347
04/12/2022,1.330888171,6.32444012,-5.024508476
05/12/2022,-0.70800107,6.279663016,-5.696935971
06/12/2022,0.233166902,6.294305112,-5.477052439
07/12/2022,-1.119764932,6.223823691,-6.535487258
08/12/2022,1.501994029,6.317305151,-5.131655857
09/12/2022,-0.25021087,6.301498567,-5.369026766
10/12/2022,0.024742891,6.30305774,-5.345612327
11/12/2022,0.022685261,6.304487605,-5.324139733
12/12/2022,0.442392425,6.33237818,-4.905300898
13/12/2022,1.987358409,6.458225231,-3.0154284
14/12/2022,-1.090356699,6.387807539,-4.072906173
15/12/2022,-0.574574316,6.351104838,-4.624078616
16/12/2022,-2.538296855,6.189894943,-7.045002629
17/12/2022,0.655621264,6.230477211,-6.435569901
18/12/2022,-0.160410507,6.220482871,-6.585657077
19/12/2022,-0.608105049,6.1826558,-7.153714413
20/12/2022,0.965709655,6.242362304,-6.257088868
21/12/2022,-0.182485942,6.230970871,-6.428156503
22/12/2022,-0.238524216,6.216108496,-6.651348008
23/12/2022,-0.14490445,6.207101079,-6.786614359
24/12/2022,-0.108971504,6.200337107,-6.888190388
25/12/2022,-0.267334631,6.183761459,-7.1371105
26/12/2022,-0.00843574,6.183239813,-7.144944172
27/12/2022,-0.215945516,6.169887384,-7.345460502
28/12/2022,0.364328753,6.192366057,-7.007893374
29/12/2022,-0.164976096,6.182150134,-7.161308121
30/12/2022,0.015103,6.183083824,-7.147286694
31/12/2022,0.025890673,6.184684666,-7.123246501
01/01/2023,0.010592099,6.185339754,-7.113408903
02/01/2023,-0.345661854,6.163959394,-7.434482416
03/01/2023,-0.172795574,6.153308345,-7.594431534
04/01/2023,-0.577022181,6.117802391,-8.127632161
05/01/2023,-0.1426079,6.109077921,-8.258649415
06/01/2023,0.190618225,6.120722937,-8.083773681
07/01/2023,-0.150113908,6.111534881,-8.22175272
08/01/2023,0.958319437,6.170102907,-7.342223938
09/01/2023,0.764903311,6.217298229,-6.633481541
10/01/2023,0.798752698,6.266959066,-5.887713955
11/01/2023,3.959363738,6.515090771,-2.161466229
12/01/2023,4.061404242,6.779694944,0
13/01/2023,4.071118806,7.05570438,0
14/01/2023,6.310725605,7.500970522,0
15/01/2023,-0.071896092,7.495577618,-0.071896092
16/01/2023,0.200665657,7.510618668,0
17/01/2023,0.078867298,7.51654209,0
18/01/2023,-1.3176053,7.417503733,-1.3176053
19/01/2023,0.594256488,7.46158273,-0.731178767
20/01/2023,5.253669099,7.853589596,0
21/01/2023,0.053079771,7.857758263,0
22/01/2023,-0.242991948,7.838664544,-0.242991948
23/01/2023,1.195816665,7.932400601,0
24/01/2023,-2.216413444,7.756585807,-2.216413444
25/01/2023,3.063281623,7.994191875,0
26/01/2023,-0.474483802,7.956260729,-0.474483802
27/01/2023,0.183913276,7.970893349,-0.291443165
28/01/2023,-0.998766506,7.891282736,-1.287298834
29/01/2023,4.434814069,8.241246453,0
30/01/2023,-1.426017085,8.12372487,-1.426017085
31/01/2023,0.974087502,8.202857059,-0.465820238
01/02/2023,1.731566301,8.344894968,0
02/02/2023,-0.493343048,8.303726009,-0.493343048
03/02/2023,-0.479742615,8.263889496,-0.970718886
04/02/2023,0.065371778,8.269291748,-0.905981684
05/02/2023,-1.171652163,8.172404412,-2.067018892
06/02/2023,-0.690299476,8.115990347,-2.743049747
07/02/2023,2.198365056,8.294409443,-0.604986938
08/02/2023,-0.366380341,8.264020358,-0.969150726
09/02/2023,-2.503986164,8.057090431,-3.44886949
10/02/2023,-1.19578591,7.960744879,-4.603414305
11/02/2023,1.067172815,8.045699784,-3.585367876
12/02/2023,-0.575681304,7.999382195,-4.140408887
13/02/2023,-0.163206055,7.986326719,-4.296857544
14/02/2023,1.840012596,8.133276136,-2.535907668
15/02/2023,5.429786498,8.574895666,0
16/02/2023,0.805106378,8.643932698,0
17/02/2023,-0.48846055,8.601710497,-0.48846055
18/02/2023,0.052636291,8.606238118,-0.436081367
19/02/2023,-0.344399183,8.576598304,-0.778978689
20/02/2023,0.506326021,8.620023853,-0.27659684
21/02/2023,0.072982881,8.626314995,-0.203815827
22/02/2023,0.02980083,8.628885708,-0.174075736
23/02/2023,0.081380016,8.635907897,-0.092837383
24/02/2023,-1.369280217,8.517658118,-1.460846397
25/02/2023,-0.060511952,8.512503917,-1.520474362
26/02/2023,0.659479217,8.568642111,-0.871022358
27/02/2023,-0.141659588,8.556503808,-1.011448059
28/02/2023,-0.381127322,8.523892634,-1.388720476
01/03/2023,1.421536906,8.645062914,0
02/03/2023,-0.073805401,8.638682391,-0.073805401
03/03/2023,-0.761639583,8.572886766,-0.834882853
04/03/2023,-0.211521257,8.554753288,-1.044638155
05/03/2023,-0.16134256,8.54095083,-1.204295269
06/03/2023,0.026639339,8.543226083,-1.177976746
07/03/2023,-0.117358949,8.533199843,-1.293953234
08/03/2023,0.900699865,8.610058362,-0.404908004
09/03/2023,5.02899621,9.043057871,0
10/03/2023,-0.033116298,9.040063145,-0.033116298
11/03/2023,0.978325012,9.128504344,0
12/03/2023,2.888364795,9.39216885,0
13/03/2023,1.371042765,9.520939501,0
14/03/2023,1.136753255,9.629169091,0
15/03/2023,-1.039731491,9.529051588,-1.039731491
16/03/2023,0.433881938,9.570396421,-0.61036076
17/03/2023,2.654252349,9.824418893,0
18/03/2023,-0.835145402,9.742370711,-0.835145402
19/03/2023,0.798972915,9.820209614,-0.042845073
20/03/2023,-1.147770709,9.707496124,-1.190124019
21/03/2023,1.691229765,9.871672188,0
22/03/2023,-1.768260253,9.697115332,-1.768260253
23/03/2023,1.770774556,9.868829383,-0.0287976
24/03/2023,-0.384198951,9.830913444,-0.412885911
25/03/2023,-0.048100113,9.826184764,-0.460787426
26/03/2023,-0.150353621,9.811410739,-0.610448236
27/03/2023,0.208366391,9.831854422,-0.403353814
28/03/2023,0.108004259,9.842473243,-0.295785194
29/03/2023,-0.672644709,9.776268368,-0.96644032
30/03/2023,0.202279898,9.796043794,-0.766115336
31/03/2023,-0.096961367,9.786545416,-0.862333867
01/04/2023,-0.002665936,9.786284513,-0.864976814
02/04/2023,0.095950061,9.795674458,-0.769856699
03/04/2023,0.15544786,9.810901625,-0.615605565
04/04/2023,0.10713118,9.821412159,-0.509133891
05/04/2023,0.264884998,9.847427607,-0.245597512
06/04/2023,-0.196978158,9.828030325,-0.442091896
07/04/2023,-0.090391024,9.819146668,-0.532083309
08/04/2023,-0.030678876,9.816134264,-0.562598947
09/04/2023,0.045139579,9.820565226,-0.517713323
10/04/2023,-0.276199705,9.793440854,-0.792483105
11/04/2023,-0.139308767,9.779797732,-0.930687874
12/04/2023,0.222201209,9.801528561,-0.710554664
13/04/2023,0.784283131,9.878400296,0
14/04/2023,0.526423315,9.930402498,0
15/04/2023,0.076923952,9.938041356,0
16/04/2023,-0.26192143,9.912011496,-0.26192143
17/04/2023,0.843725149,9.99564163,0
18/04/2023,-0.889383746,9.906742018,-0.889383746
19/04/2023,2.287997448,10.13340802,0
20/04/2023,0.236290427,10.1573523,0
21/04/2023,2.007172984,10.36122793,0
22/04/2023,-0.804324304,10.27789005,-0.804324304
23/04/2023,0.291434593,10.30784338,-0.515233791
24/04/2023,0.321995044,10.34103412,-0.194897774
25/04/2023,-0.952803649,10.24250437,-1.14584443
26/04/2023,0.771752608,10.32155117,-0.382934906
27/04/2023,-0.085739322,10.31270154,-0.468345902
28/04/2023,-0.103338429,10.30204456,-0.57120035
29/04/2023,0.218292393,10.32453314,-0.354154843
30/04/2023,-0.472480215,10.27575176,-0.824961746
01/05/2023,0.026012049,10.27842469,-0.799164286
02/05/2023,-0.73752035,10.20261922,-1.530790638
03/05/2023,-0.521745016,10.14938756,-2.04454883
04/05/2023,0.005701834,10.14996626,-2.038963573
05/05/2023,1.221127953,10.27391034,-0.842733974
06/05/2023,-1.393457633,10.13074775,-2.224448466
07/05/2023,-0.408983281,10.08931469,-2.624334125
08/05/2023,-0.557041989,10.03311297,-3.166757471
09/05/2023,-0.043686846,10.02872982,-3.20906086
10/05/2023,0.109186316,10.03967982,-3.1033784
11/05/2023,0.366301112,10.07645528,-2.748444997
12/05/2023,-0.208262042,10.05546984,-2.950983071
13/05/2023,0.010028703,10.05647828,-2.941250314
14/05/2023,-0.190861924,10.03728429,-3.126498511
15/05/2023,-0.460351338,9.991077518,-3.572456971
16/05/2023,-0.009735066,9.99010488,-3.581844256
17/05/2023,-0.638243498,9.926343685,-4.197226866
18/05/2023,1.314986041,10.05687372,-2.937433772
19/05/2023,-0.283021825,10.02841057,-3.212142018
20/05/2023,-0.193963997,10.00895907,-3.399875615
21/05/2023,0.319853431,10.04097306,-3.090896803
22/05/2023,-0.332043347,10.00763268,-3.412677033
23/05/2023,-0.996344686,9.907922165,-4.375019693
24/05/2023,2.118338184,10.11780546,-2.349359222
25/05/2023,-0.371573346,10.08021039,-2.712202976
26/05/2023,-0.800763095,9.99949179,-3.49124775
27/05/2023,-0.140756805,9.985416825,-3.627090386
28/05/2023,-0.515513366,9.933940667,-4.123905617
29/05/2023,0.441543481,9.977803334,-3.700570972
30/05/2023,-0.279962796,9.949869197,-3.970173546
31/05/2023,-0.006960739,9.949176612,-3.976857932
01/06/2023,0.351535014,9.984151452,-3.639302966
02/06/2023,-0.65093681,9.919160935,-4.266550213
03/06/2023,0.080053768,9.927101597,-4.189911979
04/06/2023,-0.11063002,9.916119242,-4.295906699
05/06/2023,1.890888821,10.10362203,-2.486248698
06/06/2023,-2.717296399,9.829076675,-5.13598635
07/06/2023,1.012959234,9.928641215,-4.175052564
08/06/2023,-0.591244894,9.869938631,-4.741612673
09/06/2023,0.126944344,9.882467959,-4.620687538
10/06/2023,1.829485845,10.06326631,-2.875736517
11/06/2023,-0.079016649,10.05531466,-2.952480856
12/06/2023,-0.338884396,10.02123876,-3.281359755
13/06/2023,-0.004948546,10.02074286,-3.286145921
14/06/2023,2.441938009,10.26544319,-0.924453558
15/06/2023,-0.738382317,10.18964497,-1.656009873
16/06/2023,-1.353171244,10.05176162,-2.986772468
17/06/2023,-0.28527807,10.02308615,-3.263529931
18/06/2023,0.104422706,10.03355253,-3.162515092
19/06/2023,-0.315194934,10.00192728,-3.467741938
20/06/2023,1.949214915,10.19688634,-1.586120766
21/06/2023,4.765855102,10.68285517,0
22/06/2023,-0.33552132,10.64701191,-0.33552132
23/06/2023,1.524815071,10.80935915,0
24/06/2023,-0.715321063,10.73203753,-0.715321063
25/06/2023,0.535534549,10.7895113,-0.183617305
26/06/2023,-0.695896895,10.71442742,-0.878236413
27/06/2023,1.230631022,10.84628249,0
28/06/2023,-1.573448609,10.67562181,-1.573448609
29/06/2023,0.791086149,10.76007518,-0.794809794
30/06/2023,0.673853316,10.8325823,-0.126312331
01/07/2023,0.059770595,10.839057,-0.066617234
02/07/2023,0.29168349,10.87067274,0
03/07/2023,0.535114432,10.92884328,0
04/07/2023,-0.808667162,10.84046531,-0.808667162
05/07/2023,-0.759955001,10.75808265,-1.562476657
06/07/2023,-1.921892436,10.55132388,-3.454339973
07/07/2023,1.005157006,10.65738125,-2.483904507
08/07/2023,-0.136698649,10.64281275,-2.617207691
09/07/2023,-0.25906719,10.61524071,-2.869494556
10/07/2023,0.383047359,10.65590211,-2.49743872
11/07/2023,0.271533868,10.6848365,-2.232686244
12/07/2023,-0.31323458,10.65136789,-2.538927278
13/07/2023,1.801651988,10.84326848,-0.783017925
14/07/2023,-2.491971606,10.5730573,-3.255476946
15/07/2023,-0.145935236,10.55762749,-3.396661294
16/07/2023,-0.287228656,10.52730296,-3.674133766
17/07/2023,-0.296458637,10.49609386,-3.959700116
18/07/2023,-0.478009652,10.44592152,-4.418782019
19/07/2023,0.257989968,10.47287095,-4.172192065
20/07/2023,-0.118358678,10.46047539,-4.285612592
21/07/2023,0.042875011,10.46496032,-4.244575038
22/07/2023,-0.474110504,10.41534485,-4.698561566
23/07/2023,0.35104527,10.45190742,-4.364010374
24/07/2023,-0.644414801,10.38455378,-4.980302847
25/07/2023,-0.085383592,10.37568708,-5.061434077
26/07/2023,-0.101121804,10.365195,-5.157437668
27/07/2023,-0.022066474,10.36290776,-5.178366077
28/07/2023,-0.043729599,10.35837611,-5.219831197
29/07/2023,-0.04829193,10.35337385,-5.26560237
30/07/2023,-0.127718602,10.34015066,-5.386595818
31/07/2023,0.126578336,10.35323905,-5.266835746
01/08/2023,-0.683131294,10.28251284,-5.913987636
02/08/2023,0.503787999,10.3343149,-5.439993597
03/08/2023,0.057715128,10.34027937,-5.385418169
04/08/2023,0.077954537,10.34834008,-5.311661809
05/08/2023,-0.080499966,10.34000967,-5.387885889
06/08/2023,0.081965549,10.34848492,-5.31033655
07/08/2023,0.003383506,10.34883506,-5.30713272
08/08/2023,-0.669755894,10.27952313,-5.941343781
09/08/2023,-0.528588332,10.22518677,-6.438526863
10/08/2023,-0.108858702,10.21405576,-6.540376669
11/08/2023,0.009705128,10.21504705,-6.531306293
12/08/2023,-0.052869886,10.20964637,-6.580723084
13/08/2023,0.081076302,10.21792397,-6.504982189
14/08/2023,-0.003488642,10.2175675,-6.508243896
15/08/2023,0.166382297,10.23456773,-6.352690165
16/08/2023,0.373003723,10.27274304,-6.003382212
17/08/2023,6.125415689,10.90199126,-0.245698639
18/08/2023,-0.434548424,10.85461683,-0.679179383
19/08/2023,-0.0156426,10.85291888,-0.694715742
20/08/2023,0.259554106,10.88108808,-0.436964799
21/08/2023,-0.237044982,10.85529501,-0.672973978
22/08/2023,-0.225129902,10.83085649,-0.896588815
23/08/2023,0.207700739,10.85335226,-0.690750297
24/08/2023,-0.540757072,10.79466199,-1.227772088
25/08/2023,-0.211005743,10.77188463,-1.436187162
26/08/2023,-0.013543529,10.77042574,-1.44953618
27/08/2023,0,10.77042574,-1.44953618
28/08/2023,-0.161372924,10.75304519,-1.608569945
29/08/2023,-0.49666914,10.69963813,-2.097249815
30/08/2023,-0.903757641,10.60293933,-2.982053401
31/08/2023,-2.305625679,10.35847524,-5.218924091
01/09/2023,-0.679355155,10.28810441,-5.862824216
02/09/2023,0.0907983,10.29744583,-5.777349261
03/09/2023,0.036081534,10.30116131,-5.743352283
04/09/2023,-0.14044529,10.28669381,-5.875731305
05/09/2023,-0.108156107,10.27556812,-5.97753245
06/09/2023,-0.088178885,10.26650724,-6.060440413
07/09/2023,0.178170936,10.28479917,-5.893067421
08/09/2023,-0.575018921,10.22565963,-6.43420009
09/09/2023,-0.074451464,10.21804648,-6.503861197
10/09/2023,-0.256115069,10.19187652,-6.743318898
11/09/2023,-0.904823742,10.099658,-7.58712749
12/09/2023,0.240073613,10.12390462,-7.365268568
13/09/2023,0.973654459,10.22247647,-6.463326374
14/09/2023,1.028344422,10.32759873,-5.501447208
15/09/2023,0.611491837,10.39075116,-4.923596271
16/09/2023,-0.281670336,10.36148349,-5.191398298
17/09/2023,-0.423981412,10.31755273,-5.593369146
18/09/2023,0.687141886,10.38844896,-4.944661643
19/09/2023,1.060367634,10.49860471,-3.9367256
20/09/2023,-0.776445468,10.41708877,-4.68260454
21/09/2023,-1.887090164,10.22050891,-6.481329735
22/09/2023,0.087960471,10.22949892,-6.399070272
23/09/2023,-0.051238133,10.22425751,-6.447029641
24/09/2023,-0.557700064,10.16723682,-6.968774617
25/09/2023,-0.444615408,10.12203172,-7.382405779
26/09/2023,-0.119988515,10.10988644,-7.493536255
27/09/2023,-0.018771996,10.10798862,-7.510901565
28/09/2023,-0.310089108,10.07664484,-7.797700185
29/09/2023,-0.177982784,10.05871015,-7.961804406
30/09/2023,-0.013237697,10.05737861,-7.973988143
01/10/2023,3.472620743,10.40663323,-4.778273766
02/10/2023,-2.793423149,10.11593192,-7.43821951
03/10/2023,-0.243403599,10.09130938,-7.663518215
04/10/2023,0.66328279,10.1582433,-7.051066222
05/10/2023,-1.297893088,10.02640016,-8.257444009
06/10/2023,1.031067402,10.12977911,-7.311516421
07/10/2023,-0.118039296,10.11782199,-7.420925254
08/10/2023,-0.10525483,10.10717249,-7.518369202
09/10/2023,-1.33975782,9.971760856,-8.757399082
10/10/2023,-0.51640383,9.920266302,-9.228579368
11/10/2023,-1.073039473,9.813817928,-10.20259254
12/10/2023,0.355518674,9.848707884,-9.883345989
13/10/2023,-0.21606845,9.827427933,-10.07805965
14/10/2023,-0.16372063,9.811338406,-10.22528041
15/10/2023,0.092543005,9.820418114,-10.14220019
16/10/2023,3.50276558,10.16440434,-6.994692107
17/10/2023,-0.973386528,10.0654654,-7.899993244
18/10/2023,-0.179123029,10.04743583,-8.064965566
19/10/2023,1.026787113,10.15060161,-7.12098848
20/10/2023,2.886682383,10.44361723,-4.439866417
21/10/2023,1.413275219,10.59121429,-3.089338729
22/10/2023,1.213789587,10.71976935,-1.913047214
23/10/2023,10.7914506,11.87658796,0
24/10/2023,1.688020541,12.0770672,0
25/10/2023,0.233308987,12.10524409,0
26/10/2023,-0.186465117,12.08267203,-0.186465117
27/10/2023,-0.186158075,12.06017916,-0.372276072
28/10/2023,0.144333605,12.07758605,-0.228479787
29/10/2023,0.327093427,12.11709104,0
30/10/2023,-0.027603388,12.11374631,-0.027603388
31/10/2023,0.174682367,12.13490689,0
01/11/2023,0.865705551,12.23995945,0
02/11/2023,-0.789657252,12.14330573,-0.789657252
03/11/2023,-0.344743745,12.10144244,-1.131678704
04/11/2023,1.100602873,12.23463126,-0.043531119
05/11/2023,0.772459379,12.32913882,0
06/11/2023,0.199947429,12.35379062,0
07/11/2023,0.204094727,12.37900405,0
08/11/2023,0.057210622,12.38608616,0
09/11/2023,2.774946891,12.72979347,0
10/11/2023,0.519568651,12.79593349,0
11/11/2023,-0.242121535,12.76495177,-0.242121535
12/11/2023,-0.039595815,12.75989739,-0.281621481
13/11/2023,-0.265336988,12.72604066,-0.546211223
14/11/2023,0.041321066,12.7312992,-0.505115857
15/11/2023,2.375070423,13.03367652,0
16/11/2023,-0.94262408,12.91081794,-0.94262408
17/11/2023,0.147824418,12.92990329,-0.796193091
18/11/2023,-0.364100475,12.88282545,-1.157394623
19/11/2023,1.302163134,13.05058085,0
20/11/2023,-0.098282738,13.03775438,-0.098282738
21/11/2023,-2.838806732,12.66763773,-2.934299414
22/11/2023,1.630385023,12.874169,-1.351754769
23/11/2023,-0.105654002,12.86056693,-1.455980588
24/11/2023,0.357245602,12.90651074,-1.103936413
25/11/2023,0.125426279,12.92269889,-0.979894761
26/11/2023,-0.843710099,12.81366878,-1.815337389
27/11/2023,-1.22358469,12.65688269,-3.016709888
28/11/2023,0.358172343,12.70221614,-2.669342566
29/11/2023,-0.323903624,12.6610732,-2.984600092
30/11/2023,0.156946646,12.68094433,-2.832337676
01/12/2023,1.331480172,12.84978859,-1.538569518
02/12/2023,2.024988267,13.1099953,0
03/12/2023,0.921672517,13.23082653,0
04/12/2023,1.049706959,13.36971143,0
05/12/2023,0.384277173,13.42108818,0
06/12/2023,0.53762432,13.49324322,0
07/12/2023,-1.32478303,13.31448702,-1.32478303
08/12/2023,0.282561938,13.35210869,-1.045964424
09/12/2023,0.015154411,13.35413213,-1.030968524
10/12/2023,-0.157817463,13.33305697,-1.187158938
11/12/2023,0.534426221,13.40431233,-0.659077205
12/12/2023,0.293074397,13.44359693,-0.367934395
13/12/2023,-0.252794224,13.4096123,-0.619798502
14/12/2023,0.284466122,13.4477581,-0.337095498
15/12/2023,-0.484230336,13.38263998,-0.819693515
16/12/2023,0.013235868,13.38441129,-0.80656614
17/12/2023,0.142672113,13.40350711,-0.665044772
18/12/2023,0.336553174,13.44861704,-0.330729827
19/12/2023,0.289643636,13.4875701,-0.042044129
20/12/2023,-0.455943765,13.42607436,-0.497796197
21/12/2023,-0.354656573,13.37845791,-0.850687303
22/12/2023,-0.449975461,13.31825813,-1.29683488
23/12/2023,-0.545454189,13.24561313,-1.835215429
24/12/2023,-0.850431083,13.13296832,-2.67003927
25/12/2023,0.78881656,13.23656335,-1.902284421
26/12/2023,0.209208654,13.26425539,-1.697055511
27/12/2023,-0.510508493,13.19654024,-2.198900391
28/12/2023,-0.752067792,13.09729331,-2.934430962
29/12/2023,-0.985479306,12.96822219,-3.890992058
30/12/2023,-0.165375624,12.94677592,-4.049932929
31/12/2023,0.141476658,12.96509258,-3.914185981
01/01/2024,-0.100933292,12.95200649,-4.011168556
02/01/2024,0.185677115,12.9760554,-3.832939263
03/01/2024,-1.857004951,12.73508941,-5.618766342
04/01/2024,1.528058053,12.92968897,-4.176566301
05/01/2024,0.036958327,12.93446756,-4.141151563
06/01/2024,-0.542756781,12.86426486,-4.661431963
07/01/2024,-0.234461646,12.8341031,-4.884964339
08/01/2024,2.982337119,13.21685932,-2.048313325
09/01/2024,-0.394748405,13.16468598,-2.434976045
10/01/2024,2.320479923,13.47016987,-0.170999253
11/01/2024,0.135971422,13.48848545,-0.035260341
12/01/2024,2.606972264,13.84012653,0
13/01/2024,-0.525979238,13.76733034,-0.525979238
14/01/2024,1.247791469,13.93911791,0
15/01/2024,-0.888354793,13.81528909,-0.888354793
16/01/2024,-1.032795569,13.67260539,-1.911975473
17/01/2024,0.07638625,13.68304938,-1.83704971
18/01/2024,1.97591737,13.95341513,0
19/01/2024,-0.639204318,13.8642243,-0.639204318
20/01/2024,0.162963312,13.8868179,-0.477282675
21/01/2024,0.118309451,13.90324732,-0.359537894
22/01/2024,3.219094672,14.35080601,0
23/01/2024,0.28353562,14.39149566,0
24/01/2024,-0.570939604,14.30932891,-0.570939604
25/01/2024,-0.083565092,14.29737131,-0.654027589
26/01/2024,-0.412521742,14.23839154,-1.063851325
27/01/2024,-0.002920097,14.23797577,-1.066740357
28/01/2024,-0.125397049,14.22012176,-1.190799744
29/01/2024,0.747394626,14.32640219,-0.452305091
30/01/2024,0.104360553,14.3413533,-0.348416566
31/01/2024,-1.092036527,14.18474049,-1.436648257
01/02/2024,-0.594111945,14.10046725,-2.022224903
02/02/2024,-0.096132282,14.08691215,-2.116413174
03/02/2024,0.037064101,14.09213334,-2.080133503
04/02/2024,0.273947878,14.13073844,-1.811884106
05/02/2024,-0.070686609,14.1207499,-1.881289956
06/02/2024,-1.451412928,13.91579951,-3.305397598
07/02/2024,-0.904523917,13.78992777,-4.180023404
08/02/2024,0.433039052,13.84964354,-3.765085485
09/02/2024,5.453346063,14.60491254,0
10/02/2024,1.957857828,14.89085596,0
11/02/2024,1.566821807,15.12416914,0
12/02/2024,8.800359518,16.4551504,0
13/02/2024,0.160273293,16.48152361,0
14/02/2024,5.660261004,17.41442086,0
15/02/2024,-0.800610941,17.2749991,-0.800610941
16/02/2024,-0.800534603,17.13670676,-1.594736377
17/02/2024,-0.780948947,17.00287782,-2.363231247
18/02/2024,-0.737556206,16.87747204,-3.083357294
19/02/2024,-0.723218321,16.75541107,-3.78427621
20/02/2024,-0.772696802,16.62594255,-4.52773203
21/02/2024,1.696910534,16.90806992,-2.907653057
22/02/2024,4.402973403,17.65252774,0
23/02/2024,-2.59661241,17.19416002,-2.59661241
24/02/2024,0.88082358,17.34561023,-1.738660404
25/02/2024,-1.696910534,17.05127074,-3.406067427
26/02/2024,3.145160903,17.58756064,-0.368032825
27/02/2024,-1.194909269,17.37740525,-1.558544436
28/02/2024,0.533702905,17.47014897,-1.033159528
29/02/2024,0.760133409,17.60294541,-0.280879509
01/03/2024,0.190487722,17.63647686,-0.090926828
02/03/2024,-0.163920437,17.60756707,-0.254698217
03/03/2024,0.948497887,17.77457447,0
04/03/2024,4.762709699,18.62112585,0
05/03/2024,0.533702905,18.72050734,0
06/03/2024,2.59661241,19.20660636,0
07/03/2024,0.760133409,19.35260219,0
08/03/2024,1.274315491,19.5992154,0
09/03/2024,0.354065535,19.66860946,0
10/03/2024,0.487197411,19.76443442,0
11/03/2024,0.565394612,19.87618147,0
12/03/2024,0.311453061,19.93808644,0
13/03/2024,1.033074628,20.14406176,0
14/03/2024,0.326884914,20.20990965,0
15/03/2024,2.120455097,20.63845171,0
16/03/2024,-0.126335889,20.61237794,-0.126335889
17/03/2024,0.520061758,20.71957504,0
18/03/2024,0.17707741,20.75626472,0
19/03/2024,0.406043904,20.84054427,0
20/03/2024,1.596669293,21.17329884,0
21/03/2024,-1.491190672,20.85756459,-1.491190672
22/03/2024,-0.180959996,20.81982074,-1.669452209
23/03/2024,-0.11709686,20.79544138,-1.784594193
24/03/2024,-0.210935154,20.75157648,-1.991765011
25/03/2024,-1.01277471,20.54140977,-2.984367628
26/03/2024,0.162964557,20.57488498,-2.826266533
27/03/2024,0.147538164,20.60524079,-2.682898191
28/03/2024,-0.427731278,20.51710573,-3.099153874
29/03/2024,-0.977670512,20.31651604,-4.046524872
30/03/2024,-0.15872439,20.28426877,-4.198826441
31/03/2024,-0.094905282,20.26501793,-4.289746814
01/04/2024,-0.024136312,20.2601267,-4.31284774
02/04/2024,-0.028688639,20.25431435,-4.340299081
03/04/2024,0.322075616,20.31954856,-4.03220251
04/04/2024,-0.47397444,20.22323909,-4.487065341
05/04/2024,-0.838902837,20.05358576,-5.28832606
06/04/2024,-0.070634666,20.03942098,-5.355225334
07/04/2024,0.015083195,20.04244356,-5.340949878
08/04/2024,-0.208118306,20.00073157,-5.53795269
09/04/2024,0.221973196,20.04512783,-5.328272265
10/04/2024,-0.080055757,20.02908055,-5.404062433
11/04/2024,-0.175776675,19.9938741,-5.570340027
12/04/2024,-0.14505149,19.96487269,-5.707311655
13/04/2024,0.898424719,20.14424204,-4.860162835
14/04/2024,4.320554774,21.01458505,-0.749594058
15/04/2024,0.074419532,21.03022401,-0.675732371
16/04/2024,0.706078743,21.17871395,0
17/04/2024,-0.142579201,21.14851751,-0.142579201
18/04/2024,-1.027453308,20.93122637,-1.168567574
19/04/2024,-1.520872625,20.61288907,-2.671667775
20/04/2024,-0.075099957,20.5974088,-2.744761311
21/04/2024,0.038560993,20.60535137,-2.707258725
22/04/2024,0.095225024,20.62497282,-2.614611689
23/04/2024,0.43229139,20.7141328,-2.19362304
24/04/2024,0.303678587,20.77703719,-1.896606016
25/04/2024,0.755899754,20.93409076,-1.155042702
26/04/2024,0.240858595,20.98451232,-0.916966127
27/04/2024,0.113067534,21.00823899,-0.804935384
28/04/2024,0.005575895,21.00941038,-0.799404371
29/04/2024,0.031524211,21.01603344,-0.768132166
30/04/2024,-0.227123323,20.96830112,-0.993510882
01/05/2024,0.758187685,21.1272802,-0.242855874
02/05/2024,1.268253948,21.39522776,0
03/05/2024,0.489302072,21.49991506,0
04/05/2024,0.017723663,21.50372563,0
05/05/2024,0.017531264,21.5074955,0
06/05/2024,0.303070241,21.57267832,0
07/05/2024,-0.058854838,21.55998176,-0.058854838
08/05/2024,0.555641798,21.67977803,0
09/05/2024,0.093850166,21.70012454,0
10/05/2024,-0.24787653,21.64633502,-0.24787653
11/05/2024,-0.198829712,21.60329567,-0.44621339
12/05/2024,0.008969218,21.60523332,-0.437284194
13/05/2024,-0.296302255,21.54121653,-0.732290766
14/05/2024,-0.250537158,21.48724778,-0.980993263
15/05/2024,-0.523640325,21.37473188,-1.499496712
16/05/2024,-0.02223799,21.36997857,-1.521401244
17/05/2024,-0.148020446,21.33834663,-1.667169705
18/05/2024,0.088738207,21.3572819,-1.579910915
19/05/2024,0.202597148,21.40055114,-1.380514621
20/05/2024,0.019059387,21.40462996,-1.361718352
21/05/2024,0.542817757,21.52081809,-0.826292244
22/05/2024,1.615913586,21.86857591,0
23/05/2024,0.661101437,22.01314938,0
24/05/2024,0.558320107,22.13605322,0
25/05/2024,-0.159064419,22.10084264,-0.159064419
26/05/2024,-0.022444103,22.0958823,-0.181472821
27/05/2024,-0.055437959,22.0836328,-0.236810176
28/05/2024,0.50029863,22.19411691,0
29/05/2024,0.102662661,22.21690198,0
30/05/2024,-0.165459528,22.180142,-0.165459528
31/05/2024,-0.187218778,22.13861661,-0.352368535
01/06/2024,0.001396208,22.13892571,-0.350977246
02/06/2024,-0.140958239,22.10771907,-0.491440754
03/06/2024,-0.147089767,22.07520088,-0.637807662
04/06/2024,-0.020230167,22.07073503,-0.6579088
05/06/2024,-0.198218058,22.02698684,-0.854822763
06/06/2024,0.010160958,22.029225,-0.844748664
07/06/2024,-0.048469521,22.01854754,-0.892808739
08/06/2024,0.654468824,22.16265207,-0.24418307
09/06/2024,0.052288615,22.17424061,-0.192022135
10/06/2024,-0.117794805,22.14812051,-0.309590748
11/06/2024,-0.009689439,22.14597448,-0.319250189
12/06/2024,-0.647706313,22.0025336,-0.964888699
13/06/2024,-0.124555007,21.97512835,-1.088241888
14/06/2024,-0.003749585,21.97430437,-1.091950669
15/06/2024,0.223433449,22.02340232,-0.870957003
16/06/2024,0.114793484,22.04868375,-0.757163321
17/06/2024,-0.062443315,22.03491582,-0.819133838
18/06/2024,1.79492619,22.43042629,0
19/06/2024,-0.489548877,22.32061839,-0.489548877
20/06/2024,-1.028291439,22.09109738,-1.512806327
21/06/2024,0.001791853,22.09149322,-1.511041581
22/06/2024,0.083530834,22.10994643,-1.428772933
23/06/2024,0.107995208,22.13382412,-1.322320731
24/06/2024,1.079767945,22.37281805,-0.256830781
25/06/2024,0.496701859,22.48394426,0
26/06/2024,0.14901807,22.5174494,0
27/06/2024,-0.060496598,22.5038271,-0.060496598
28/06/2024,0.248241355,22.55969091,0
29/06/2024,-0.001861528,22.55927096,-0.001861528
30/06/2024,-0.274381428,22.49737251,-0.276237848
01/07/2024,-0.237497301,22.44394185,-0.513079092
02/07/2024,-0.231220699,22.39204681,-0.743113446
03/07/2024,-0.051487118,22.38051779,-0.794217956
04/07/2024,0.556544711,22.50507538,-0.242093423
05/07/2024,5.098426271,23.65248006,0
06/07/2024,1.178414132,23.93120423,0
07/07/2024,-0.005693387,23.92984173,-0.005693387
08/07/2024,-0.804894791,23.73723168,-0.810542352
09/07/2024,-0.047133478,23.7260435,-0.857293793
10/07/2024,0.065581965,23.7416035,-0.792274059
11/07/2024,0.310017728,23.81520668,-0.484712521
12/07/2024,-0.04926834,23.80347333,-0.533742051
13/07/2024,-0.019884369,23.79874015,-0.553520289
14/07/2024,0.089244072,23.81997912,-0.464770201
15/07/2024,0.263788265,23.88281343,-0.202207945
16/07/2024,1.272007511,24.18660461,0
17/07/2024,0.675479484,24.34998016,0
18/07/2024,0.692220998,24.51853584,0
19/07/2024,0.384046855,24.6126985,0
20/07/2024,0.349411823,24.69869818,0
21/07/2024,0.050555645,24.71118477,0
22/07/2024,0.931641904,24.94140452,0
23/07/2024,1.087992599,25.21276516,0
24/07/2024,0.196207925,25.2622346,0
25/07/2024,0.496062926,25.38755118,0
26/07/2024,-0.02915137,25.38015036,-0.02915137
27/07/2024,-0.184357975,25.33336003,-0.213455602
28/07/2024,0.039451222,25.34335435,-0.174088591
29/07/2024,0.17261613,25.38710107,-0.001772966
30/07/2024,0.3643514,25.47959932,0
31/07/2024,-0.083303412,25.45837395,-0.083303412
01/08/2024,0.047638817,25.47050202,-0.03570428
02/08/2024,0.066748595,25.48750322,0
03/08/2024,0.152943359,25.52648466,0
04/08/2024,3.886821391,26.51865353,0
05/08/2024,2.65663226,27.22315663,0
06/08/2024,1.178336843,27.54393712,0
,,,
"** Notes : From 14/3/2024 to 6/8/2024, only realized P&L is
 calculated ; unrealized P&L is not included
(see page 7 of the deck).",,,